{
  "height": 150,
  "tabOrder": 1000,
  "width": 526.66666666666674,
  "x": 183.33333333333334,
  "y": 116.66666666666667,
  "z": 0
}