{
  "height": 39.6551724137931,
  "tabOrder": 9000,
  "width": 153.44827586206898,
  "x": 11.206896551724139,
  "y": 578.448275862069,
  "z": 9000
}