{
  "height": 71.666666666666671,
  "tabOrder": 14000,
  "width": 540,
  "x": 183.33333333333334,
  "y": 96.666666666666671,
  "z": 14000
}