{
  "height": 39.6551724137931,
  "tabOrder": 8000,
  "width": 153.44827586206898,
  "x": 11.206896551724139,
  "y": 538.79310344827593,
  "z": 8000
}