{
  "height": 31.896551724137932,
  "tabOrder": 5000,
  "width": 168.10344827586209,
  "x": 5.1724137931034484,
  "y": 387.06896551724139,
  "z": 5000
}