{
  "height": 74.791666666666657,
  "width": 168.33333333333334,
  "x": 0,
  "y": 63.711419753086425,
  "z": 0
}