{
  "height": 150,
  "tabOrder": 18000,
  "width": 526.66666666666674,
  "x": 741.66666666666674,
  "y": 116.66666666666667,
  "z": 18000
}