{
  "height": 58.333333333333336,
  "tabOrder": 2000,
  "width": 433.33333333333337,
  "x": 0,
  "y": 260,
  "z": 4000
}