{
  "height": 58.333333333333336,
  "tabOrder": 1000,
  "width": 433.33333333333337,
  "x": 0,
  "y": 325,
  "z": 5000
}