{
  "height": 400,
  "tabOrder": 17000,
  "width": 360,
  "x": 183.33333333333334,
  "y": 113.33333333333334,
  "z": 16000
}