{
  "height": 39.6551724137931,
  "tabOrder": 6000,
  "width": 153.44827586206898,
  "x": 11.206896551724139,
  "y": 418.96551724137936,
  "z": 5000
}