{
  "height": 59.996500000000005,
  "tabOrder": 5000,
  "width": 433.33333333333337,
  "x": 0,
  "y": 65,
  "z": 1000
}