{
  "height": 58.333333333333336,
  "tabOrder": 4000,
  "width": 433.33333333333337,
  "x": 0,
  "y": 131.66666666666669,
  "z": 2000
}