{
  "height": 40.517241379310349,
  "tabOrder": 13000,
  "width": 153.44827586206898,
  "x": 11.206896551724139,
  "y": 618.10344827586209,
  "z": 21000
}