{
  "height": 74.338383838383834,
  "tabOrder": 18000,
  "width": 153.63636363636363,
  "x": 11.363636363636363,
  "y": 161.15404040404042,
  "z": 18000
}