{
  "height": 318.86608277060907,
  "tabOrder": 19000,
  "width": 1081.3719328742395,
  "x": 183.30948719663033,
  "y": 385.10396469880322,
  "z": 19000
}