{
  "height": 58.333333333333336,
  "width": 433.33333333333337,
  "x": 0,
  "y": 388.33333333333331,
  "z": 6000
}