{
  "height": 702.58620689655174,
  "tabOrder": 4000,
  "width": 168.10344827586209,
  "x": 5.1724137931034484,
  "y": 1.7241379310344829,
  "z": 3000
}