{
  "height": 36.666666666666671,
  "tabOrder": 4000,
  "width": 156.66666666666669,
  "x": 8.3333333333333339,
  "y": 140,
  "z": 2000
}