{
  "height": 37.068965517241381,
  "tabOrder": 12000,
  "width": 154.31034482758622,
  "x": 11.206896551724139,
  "y": 658.62068965517244,
  "z": 12000
}