{
  "height": 64.819444444444457,
  "tabOrder": 1000,
  "width": 208.33333333333334,
  "x": 1.1111111111111109,
  "y": 0,
  "z": 1000
}