{
  "height": 35,
  "tabOrder": 14000,
  "width": 1106.6666666666667,
  "x": 173.33333333333334,
  "y": 82,
  "z": 14000
}