{
  "height": 218.73905194892023,
  "tabOrder": 21000,
  "width": 539.14555057832456,
  "x": 183.30948719663033,
  "y": 177.14782376144947,
  "z": 21000
}