{
  "height": 56.652666666666669,
  "tabOrder": 3000,
  "width": 433.33333333333337,
  "x": 0,
  "y": 196.66666666666669,
  "z": 3000
}