{
  "height": 704.31034482758628,
  "tabOrder": 3000,
  "width": 166.37931034482759,
  "x": 5.1724137931034484,
  "y": 0,
  "z": 1000
}