{
  "height": 58.914728682170555,
  "tabOrder": 6000,
  "width": 433.33333333333331,
  "x": 0,
  "y": 0,
  "z": 0
}