{
  "height": 138.50308641975309,
  "width": 209.44444444444446,
  "x": 5.5555555555555554,
  "y": 1.6620370370370368,
  "z": 1000
}