{
  "height": 113.32283333333335,
  "width": 1279.99,
  "x": 0,
  "y": 81.666666666666671,
  "z": 0
}