{
  "height": 280,
  "tabOrder": 17000,
  "width": 1081.3719328742395,
  "x": 183.30948719663033,
  "y": 97.0461991040984,
  "z": 17000
}