{
  "height": 446.66666666666669,
  "tabOrder": 2000,
  "width": 433.33333333333337,
  "x": 423.33333333333337,
  "y": 233.33333333333334,
  "z": 1008
}