{
  "height": 40.517241379310349,
  "tabOrder": 8000,
  "width": 153.44827586206898,
  "x": 11.206896551724139,
  "y": 498.27586206896558,
  "z": 7000
}