{
  "height": 39.6551724137931,
  "tabOrder": 7000,
  "width": 153.44827586206898,
  "x": 11.206896551724139,
  "y": 458.62068965517244,
  "z": 6000
}