{
  "height": 185,
  "tabOrder": 16000,
  "width": 1085,
  "x": 183.33333333333334,
  "y": 518.33333333333337,
  "z": 15000
}